Algorithm name,Sn(%),Sp(%),Accuracy(%)
nb,88.0,69.74789915966386,79.09836065573771
ada,92.80000000000001,63.02521008403361,78.27868852459017
ht,90.4,68.90756302521008,79.91803278688525
rf,91.2,67.22689075630252,79.50819672131148
smo,82.39999999999999,77.31092436974791,79.91803278688525
bagg,88.0,64.70588235294117,76.63934426229508
